City_ID,City,Lat,Lng,Max Temp,Humidity,Cloudiness,Wind Speed,Country,Date
0,Medea,36.2642,2.7539,53.6,87,0,2.3,DZ,2021-01-29 22:36:48
1,Ushuaia,-54.8,-68.3,42.8,70,75,24.16,AR,2021-01-29 22:32:10
2,Sunel,24.3667,75.9667,50.65,44,0,3.56,IN,2021-01-29 22:36:49
3,Chokurdakh,70.6333,147.9167,-25.26,86,100,7.4,RU,2021-01-29 22:36:49
4,Vaini,-21.2,-175.2,75.2,94,90,11.5,TO,2021-01-29 22:36:49
5,Hermanus,-34.4187,19.2345,61.0,90,79,5.01,ZA,2021-01-29 22:32:36
6,Vikhorevka,56.1201,101.1636,-16.01,76,40,1.7,RU,2021-01-29 22:36:49
7,Requena,39.4883,-1.1004,64.4,55,0,5.75,ES,2021-01-29 22:36:49
8,Grand Gaube,-20.0064,57.6608,77.0,82,1,5.01,MU,2021-01-29 22:36:49
9,Rikitea,-23.1203,-134.9692,80.26,66,71,7.38,PF,2021-01-29 22:36:50
10,Carnarvon,-24.8667,113.6333,77.0,73,1,5.75,AU,2021-01-29 22:32:01
11,Sola,-13.8833,167.55,84.2,84,75,15.46,VU,2021-01-29 22:36:50
12,Kapaa,22.0752,-159.319,77.0,69,40,18.41,US,2021-01-29 22:32:08
13,Solnechnyy,50.7214,136.6319,-7.04,88,100,4.94,RU,2021-01-29 22:36:50
14,Ponta Do Sol,32.6667,-17.1,57.99,75,79,4.0,PT,2021-01-29 22:32:27
15,Mataura,-46.1927,168.8643,61.59,50,23,2.66,NZ,2021-01-29 22:36:50
16,Bredasdorp,-34.5322,20.0403,61.0,90,63,4.09,ZA,2021-01-29 22:36:51
17,Basco,20.4487,121.9702,68.99,71,100,25.21,PH,2021-01-29 22:36:51
18,Ballina,-28.8667,153.5667,78.8,78,75,4.61,AU,2021-01-29 22:36:51
19,Cherskiy,68.75,161.3,-33.38,83,28,4.25,RU,2021-01-29 22:36:51
20,Sao Filipe,14.8961,-24.4956,75.31,56,86,7.96,CV,2021-01-29 22:32:53
21,Iqaluit,63.7506,-68.5145,-13.0,77,90,34.52,CA,2021-01-29 22:33:50
22,Mangrol,21.1167,70.1167,61.66,32,48,12.53,IN,2021-01-29 22:36:51
23,Chilca,-12.5211,-76.7372,75.2,64,0,13.8,PE,2021-01-29 22:36:51
24,Dingle,10.9995,122.6711,74.08,90,100,11.81,PH,2021-01-29 22:36:52
25,Busselton,-33.65,115.3333,64.0,81,0,1.99,AU,2021-01-29 22:36:52
26,Punta Arenas,-53.15,-70.9167,50.0,57,40,19.57,CL,2021-01-29 22:36:30
27,New Norfolk,-42.7826,147.0587,70.0,63,52,5.01,AU,2021-01-29 22:36:52
28,Todos Santos,23.45,-110.2167,71.01,73,59,8.01,MX,2021-01-29 22:36:52
29,Lavrentiya,65.5833,-171.0,-15.66,81,0,11.97,RU,2021-01-29 22:36:52
30,Tasiilaq,65.6145,-37.6368,15.8,79,90,26.46,GL,2021-01-29 22:36:52
31,Upernavik,72.7868,-56.1549,-7.56,83,72,11.7,GL,2021-01-29 22:36:52
32,Hilo,19.7297,-155.09,78.8,69,90,6.67,US,2021-01-29 22:36:52
33,Albany,42.6001,-73.9662,15.01,68,46,1.99,US,2021-01-29 22:34:40
34,Isangel,-19.55,169.2667,84.2,70,20,16.75,VU,2021-01-29 22:36:53
35,Aswan,24.0934,32.907,52.14,45,0,8.41,EG,2021-01-29 22:36:53
36,Hamilton,39.1834,-84.5333,32.0,43,20,3.44,US,2021-01-29 22:36:53
37,Hithadhoo,-0.6,73.0833,81.21,76,56,9.78,MV,2021-01-29 22:36:53
38,Elizabeth City,36.2946,-76.2511,33.8,37,1,16.11,US,2021-01-29 22:36:53
39,Maragogi,-9.0122,-35.2225,78.04,83,97,10.31,BR,2021-01-29 22:36:53
40,Gladstone,-23.85,151.25,78.8,65,75,12.66,AU,2021-01-29 22:36:53
41,Aldan,58.6031,125.3894,-38.15,81,100,0.98,RU,2021-01-29 22:36:54
42,Gangtok,27.3333,88.6167,36.41,74,6,6.17,IN,2021-01-29 22:36:54
43,Atuona,-9.8,-139.0333,78.62,76,5,19.53,PF,2021-01-29 22:32:05
44,Codrington,-38.2667,141.9667,61.2,77,100,10.67,AU,2021-01-29 22:36:54
45,Sitka,57.0531,-135.33,37.4,52,90,13.8,US,2021-01-29 22:36:54
46,Guntakal,15.1667,77.3833,66.02,78,17,7.56,IN,2021-01-29 22:36:54
47,Garissa,-0.4536,39.6401,77.27,72,1,9.26,KE,2021-01-29 22:32:26
48,Valparaiso,-33.0393,-71.6273,68.0,77,75,12.66,CL,2021-01-29 22:36:55
49,Batsfjord,70.6345,29.7185,23.0,86,75,2.3,NO,2021-01-29 22:36:55
50,Grindavik,63.8424,-22.4338,32.0,80,75,8.05,IS,2021-01-29 22:33:11
51,Perth,-31.9333,115.8333,68.0,59,0,20.71,AU,2021-01-29 22:36:55
52,Oktyabrskoye,43.0645,44.7417,37.0,93,88,15.66,RU,2021-01-29 22:36:55
53,Port Alfred,-33.5906,26.891,64.99,87,3,1.99,ZA,2021-01-29 22:32:07
54,Qaanaaq,77.484,-69.3632,-14.55,62,0,5.12,GL,2021-01-29 22:36:56
55,Castro,-24.7911,-50.0119,65.46,97,98,2.48,BR,2021-01-29 22:36:56
56,Tuatapere,-46.1333,167.6833,60.1,49,3,3.94,NZ,2021-01-29 22:36:56
57,Dikson,73.5069,80.5464,-32.48,85,99,6.91,RU,2021-01-29 22:36:56
58,Severo-Kurilsk,50.6789,156.125,21.83,92,99,14.32,RU,2021-01-29 22:32:20
59,Bethel,41.3712,-73.414,19.4,45,1,11.5,US,2021-01-29 22:36:56
60,Vestmanna,62.1564,-7.1664,30.2,74,90,4.61,FO,2021-01-29 22:36:56
61,San Patricio,28.017,-97.5169,71.6,56,75,16.11,US,2021-01-29 22:36:56
62,Nikolskoye,59.7035,30.7861,33.01,93,90,8.95,RU,2021-01-29 22:36:57
63,Sabang,5.8933,95.3214,81.66,75,82,20.85,ID,2021-01-29 22:36:57
64,Senanga,-16.1167,23.2667,69.28,93,100,5.41,ZM,2021-01-29 22:36:57
65,Bluff,-46.6,168.3333,53.78,66,78,2.8,NZ,2021-01-29 22:36:57
66,Butaritari,3.0707,172.7902,80.78,74,95,16.71,KI,2021-01-29 22:36:57
67,Laguna,38.421,-121.4238,53.01,71,90,3.44,US,2021-01-29 22:32:34
68,Itoman,26.1247,127.6694,55.4,58,40,9.22,JP,2021-01-29 22:36:57
69,Coari,-4.085,-63.1414,76.42,93,99,2.13,BR,2021-01-29 22:36:58
70,Ribeira Grande,38.5167,-28.7,60.8,77,20,10.36,PT,2021-01-29 22:36:58
71,Kez,57.8979,53.7152,22.87,98,100,8.21,RU,2021-01-29 22:36:58
72,Maraa,-1.8333,-65.3667,80.04,73,35,2.42,BR,2021-01-29 22:36:58
73,Tuktoyaktuk,69.4541,-133.0374,-34.6,67,20,3.44,CA,2021-01-29 22:36:58
74,Seoul,37.5683,126.9778,24.8,54,90,8.05,KR,2021-01-29 22:32:37
75,Bage,-31.3314,-54.1069,80.6,74,0,3.44,BR,2021-01-29 22:36:58
76,Sakakah,29.9697,40.2064,48.2,53,0,14.97,SA,2021-01-29 22:36:58
77,Arraial Do Cabo,-22.9661,-42.0278,82.4,73,0,17.27,BR,2021-01-29 22:34:49
78,Souillac,-20.5167,57.5167,80.6,83,40,8.05,MU,2021-01-29 22:36:59
79,Yulara,-25.2406,130.9889,80.6,50,100,16.11,AU,2021-01-29 22:36:59
80,Aden,12.7794,45.0367,73.72,77,0,11.45,YE,2021-01-29 22:34:06
81,Padang,-0.9492,100.3543,73.4,100,75,2.3,ID,2021-01-29 22:36:59
82,Chiungutwa,-10.8833,38.9833,71.55,94,46,2.26,TZ,2021-01-29 22:36:59
83,Coxim,-18.5067,-54.76,76.41,77,99,4.29,BR,2021-01-29 22:36:59
84,Santa Rosa,14.3122,121.1114,75.2,73,20,3.44,PH,2021-01-29 22:36:59
85,Presidencia Roque Saenz Pena,-26.7852,-60.4388,87.01,63,65,3.0,AR,2021-01-29 22:36:59
86,Kloulklubed,7.0419,134.2556,80.6,69,75,10.36,PW,2021-01-29 22:33:52
87,Omis,43.4447,16.6886,46.4,93,0,5.75,HR,2021-01-29 22:37:00
88,Bubaque,11.2833,-15.8333,78.57,73,0,12.68,GW,2021-01-29 22:37:00
89,Avarua,-21.2078,-159.775,82.4,78,40,2.3,CK,2021-01-29 22:37:00
90,Saint-Philippe,-21.3585,55.7679,78.8,65,0,5.75,RE,2021-01-29 22:37:00
91,Mount Isa,-20.7333,139.5,87.8,51,72,5.75,AU,2021-01-29 22:37:00
92,Kodiak,57.79,-152.4072,35.6,64,75,17.27,US,2021-01-29 22:35:00
93,Praia,14.9215,-23.5087,73.4,56,75,19.57,CV,2021-01-29 22:33:46
94,Saskylakh,71.9167,114.0833,-38.52,78,35,0.27,RU,2021-01-29 22:37:01
95,Provideniya,64.3833,-173.3,-6.38,81,87,7.07,RU,2021-01-29 22:37:01
96,Jamestown,42.097,-79.2353,21.0,73,90,16.11,US,2021-01-29 22:36:53
97,Yellowknife,62.456,-114.3525,-14.01,76,20,5.75,CA,2021-01-29 22:37:01
98,Roald,62.5833,6.1333,33.8,93,75,12.66,NO,2021-01-29 22:37:02
99,Hobart,-42.8794,147.3294,69.01,77,20,5.75,AU,2021-01-29 22:36:14
100,Vardo,70.3705,31.1107,21.2,86,75,16.11,NO,2021-01-29 22:37:03
101,Angoram,-4.0625,144.0661,77.2,93,100,4.16,PG,2021-01-29 22:37:03
102,Jiayuguan,39.8167,98.3,17.15,69,0,1.66,CN,2021-01-29 22:37:03
103,Lehututu,-23.9667,21.8667,72.45,69,100,5.19,BW,2021-01-29 22:37:03
104,Koslan,63.4564,48.8989,21.78,97,100,9.93,RU,2021-01-29 22:37:03
105,Puerto Madryn,-42.7692,-65.0385,60.39,52,4,18.05,AR,2021-01-29 22:34:14
106,Kudahuvadhoo,2.6708,72.8944,80.85,79,62,15.93,MV,2021-01-29 22:37:04
107,Edson,53.5835,-116.4356,19.4,73,1,1.86,CA,2021-01-29 22:37:04
108,Santa Cruz,-17.8,-63.1667,77.0,83,75,26.46,BO,2021-01-29 22:32:48
109,Vernon,50.2581,-119.2691,36.0,86,89,0.94,CA,2021-01-29 22:37:04
110,Chuy,-33.6971,-53.4616,70.95,86,1,5.39,UY,2021-01-29 22:37:04
111,Tarquinia,42.2482,11.7553,55.4,67,0,8.05,IT,2021-01-29 22:37:04
112,Road Town,18.4167,-64.6167,77.0,73,20,3.44,VG,2021-01-29 22:34:07
113,Puerto Ayora,-0.7393,-90.3518,84.2,70,40,12.66,EC,2021-01-29 22:37:04
114,East London,-33.0153,27.9116,71.02,67,18,2.21,ZA,2021-01-29 22:37:05
115,Redlands,34.0556,-117.1825,50.0,81,90,2.66,US,2021-01-29 22:37:05
116,Merritt Island,28.5392,-80.672,61.0,51,1,8.05,US,2021-01-29 22:37:05
117,Sokoto,13.0609,5.239,71.11,22,0,11.52,NG,2021-01-29 22:37:05
118,Ladario,-19.0047,-57.6017,89.6,74,40,6.91,BR,2021-01-29 22:37:05
119,Esperance,-33.8667,121.9,57.2,88,0,8.05,AU,2021-01-29 22:32:07
120,Presidente Olegario,-18.4178,-46.4181,73.99,64,100,1.77,BR,2021-01-29 22:37:05
121,Salvador,13.8333,-88.9167,93.2,43,0,4.61,SV,2021-01-29 22:37:06
122,Lincoln,40.8,-96.667,37.4,70,1,10.36,US,2021-01-29 22:37:06
123,Unity,52.4501,-109.1682,4.06,94,99,4.52,CA,2021-01-29 22:36:36
124,Minab,27.1467,57.0801,59.0,88,13,9.22,IR,2021-01-29 22:37:06
125,Ancud,-41.8697,-73.8203,64.99,51,0,10.36,CL,2021-01-29 22:37:06
126,Nantucket,41.2835,-70.0995,17.6,67,90,27.63,US,2021-01-29 22:36:48
127,Portland,45.5234,-122.6762,46.99,71,75,5.75,US,2021-01-29 22:37:06
128,Khatanga,71.9667,102.5,-43.29,74,0,3.53,RU,2021-01-29 22:37:07
129,College,64.8569,-147.8028,5.0,71,75,3.44,US,2021-01-29 22:37:07
130,Biu,10.6129,12.1946,67.55,23,0,12.17,NG,2021-01-29 22:37:07
131,Mountain Home,43.133,-115.6912,39.2,89,90,14.79,US,2021-01-29 22:37:00
132,Honningsvag,70.9821,25.9704,21.2,79,0,6.91,NO,2021-01-29 22:34:36
133,Saldanha,-33.0117,17.9442,64.27,91,0,10.2,ZA,2021-01-29 22:37:07
134,Hambantota,6.1241,81.1185,75.51,82,100,10.92,LK,2021-01-29 22:32:28
135,Hasaki,35.7333,140.8333,33.8,40,20,14.97,JP,2021-01-29 22:37:07
136,Longyearbyen,78.2186,15.6401,-0.4,55,20,24.16,SJ,2021-01-29 22:37:08
137,Cape Town,-33.9258,18.4232,70.0,82,20,8.05,ZA,2021-01-29 22:32:14
138,Port Elizabeth,-33.918,25.5701,62.6,82,0,4.61,ZA,2021-01-29 22:32:52
139,Pisco,-13.7,-76.2167,77.0,69,0,18.41,PE,2021-01-29 22:37:08
140,Harper,4.375,-7.7169,78.1,86,88,5.57,LR,2021-01-29 22:33:27
141,Chumikan,54.7183,135.315,-13.97,88,100,10.71,RU,2021-01-29 22:37:08
142,Klaksvik,62.2266,-6.589,30.2,74,90,4.61,FO,2021-01-29 22:37:08
143,Barrow,71.2906,-156.7887,-9.4,70,90,11.5,US,2021-01-29 22:37:08
144,Cabo San Lucas,22.8909,-109.9124,84.99,60,1,13.8,MX,2021-01-29 22:37:08
145,Srikakulam,18.3,83.9,70.03,83,16,4.81,IN,2021-01-29 22:37:09
146,Cervo,43.6702,-7.4101,54.0,91,100,7.0,ES,2021-01-29 22:37:09
147,Jalu,29.0331,21.5482,55.31,69,0,9.04,LY,2021-01-29 22:37:09
148,Kaele,10.1092,14.4508,74.79,17,0,15.79,CM,2021-01-29 22:37:09
149,Quepos,9.4236,-84.1652,75.2,52,20,21.85,CR,2021-01-29 22:32:14
150,Kampong Thum,12.7111,104.8887,66.06,68,92,4.56,KH,2021-01-29 22:35:31
151,Ampanihy,-24.7,44.75,75.24,87,24,3.76,MG,2021-01-29 22:37:09
152,Clarence Town,-32.5833,151.7833,77.0,83,40,6.91,AU,2021-01-29 22:37:10
153,Ilebo,-4.3167,20.5833,73.22,81,94,1.59,CD,2021-01-29 22:37:10
154,Pochutla,15.7432,-96.4661,93.2,38,40,11.5,MX,2021-01-29 22:37:10
155,Nagai,38.1036,140.035,26.01,85,95,1.99,JP,2021-01-29 22:37:10
156,Starychi,49.98,23.5585,26.6,80,75,6.71,UA,2021-01-29 22:37:10
157,Camopi,3.1655,-52.3158,73.35,97,99,3.11,GF,2021-01-29 22:37:10
158,Talara,-4.5772,-81.2719,76.15,77,8,13.35,PE,2021-01-29 22:35:12
159,Luang Prabang,19.8856,102.1347,62.69,85,58,0.87,LA,2021-01-29 22:37:11
160,Maryville,35.7565,-83.9705,42.8,36,1,8.05,US,2021-01-29 22:35:50
161,Airai,-8.9266,125.4092,62.8,100,100,4.23,TL,2021-01-29 22:37:11
162,Znamenskoye,57.1281,73.8282,-1.57,90,100,6.98,RU,2021-01-29 22:37:11
163,Rundu,-17.9333,19.7667,68.13,89,96,3.74,NA,2021-01-29 22:37:11
164,Mitu,1.1983,-70.1733,80.67,73,41,2.37,CO,2021-01-29 22:37:11
165,Kaitangata,-46.2817,169.8464,57.0,68,82,4.0,NZ,2021-01-29 22:37:11
166,Chara,56.9064,118.2631,-39.44,76,89,0.09,RU,2021-01-29 22:37:12
167,Toamasina,-18.1667,49.3833,77.0,94,75,9.22,MG,2021-01-29 22:37:12
168,Challans,46.8436,-1.8749,50.0,93,75,13.8,FR,2021-01-29 22:37:12
169,Mount Gambier,-37.8333,140.7667,59.0,94,90,11.5,AU,2021-01-29 22:32:26
170,Abdulino,53.7,53.6667,26.58,98,97,13.29,RU,2021-01-29 22:37:12
171,Pimenta Bueno,-11.6725,-61.1936,76.35,92,84,2.3,BR,2021-01-29 22:37:12
172,Faanui,-16.4833,-151.75,80.46,68,71,3.58,PF,2021-01-29 22:37:12
173,Miri,4.4148,114.0089,77.0,100,40,3.44,MY,2021-01-29 22:37:12
174,Georgetown,5.4112,100.3354,75.2,83,20,3.44,MY,2021-01-29 22:37:13
175,Naze,28.3667,129.4833,53.6,58,75,11.5,JP,2021-01-29 22:37:13
176,Sao Joao Da Barra,-21.6403,-41.0511,80.6,69,0,20.71,BR,2021-01-29 22:37:13
177,Cap Malheureux,-19.9842,57.6142,77.0,82,0,5.01,MU,2021-01-29 22:37:13
178,Dzaoudzi,-12.7887,45.2699,78.8,78,100,3.44,YT,2021-01-29 22:37:13
179,Constitucion,-35.3333,-72.4167,62.35,90,100,5.06,CL,2021-01-29 22:37:13
180,Ouegoa,-20.35,164.4333,82.65,65,4,12.95,NC,2021-01-29 22:37:13
181,Geraldton,-28.7667,114.6,80.6,26,0,23.02,AU,2021-01-29 22:37:13
182,Labuhan,-6.8844,112.2051,77.38,88,100,16.82,ID,2021-01-29 22:37:14
183,Shitanjing,39.2342,106.3439,22.23,76,0,11.81,CN,2021-01-29 22:37:14
184,Poronaysk,49.2167,143.1167,9.28,92,100,12.24,RU,2021-01-29 22:37:14
185,Colac,-38.3333,143.5833,61.0,98,87,8.7,AU,2021-01-29 22:37:14
186,Sur,22.5667,59.5289,63.97,53,0,8.25,OM,2021-01-29 22:37:14
187,Guapore,-28.8456,-51.8903,72.0,93,6,2.93,BR,2021-01-29 22:37:15
188,Sokoni,-6.4333,39.55,80.6,83,40,5.75,TZ,2021-01-29 22:37:15
189,Kupang,-10.1667,123.5833,75.2,100,90,6.91,ID,2021-01-29 22:37:15
190,Dourdan,48.5277,2.0111,43.0,96,100,4.0,FR,2021-01-29 22:37:15
191,Maumere,-8.6199,122.2111,80.71,81,100,14.9,ID,2021-01-29 22:37:15
192,Acarau,-2.8856,-40.12,80.15,80,96,13.94,BR,2021-01-29 22:37:16
193,Eydhafushi,5.1033,73.0708,80.37,71,0,12.08,MV,2021-01-29 22:37:16
194,Torbay,47.6666,-52.7314,28.99,93,90,19.57,CA,2021-01-29 22:35:15
195,Atbasar,51.8,68.3333,13.69,92,0,6.53,KZ,2021-01-29 22:37:16
196,Palu,-0.8917,119.8707,73.87,79,93,2.66,ID,2021-01-29 22:37:16
197,Corn Island,12.1694,-83.0418,80.02,76,78,20.36,NI,2021-01-29 22:37:16
198,Strohonivka,44.9431,34.1973,38.61,91,100,13.76,UA,2021-01-29 22:37:16
199,Ulladulla,-35.35,150.4667,69.8,100,99,4.61,AU,2021-01-29 22:37:16
200,Mar Del Plata,-38.0023,-57.5575,75.2,57,0,3.44,AR,2021-01-29 22:34:42
201,Jinchang,38.4953,102.1739,20.64,63,20,3.58,CN,2021-01-29 22:37:17
202,Russell,32.3502,-85.1999,59.0,23,1,1.28,US,2021-01-29 22:37:17
203,Biltine,14.5333,20.9167,69.39,23,42,17.27,TD,2021-01-29 22:37:17
204,Lebu,-37.6167,-73.65,57.97,91,95,4.0,CL,2021-01-29 22:37:17
205,Dicabisagan,17.0818,122.4157,68.94,81,99,13.51,PH,2021-01-29 22:37:17
206,Cockburn Town,21.4612,-71.1419,71.6,56,75,17.27,TC,2021-01-29 22:37:17
207,Cardston,49.2,-113.3019,41.0,86,15,3.44,CA,2021-01-29 22:36:47
208,Port Keats,-14.25,129.55,79.45,89,99,10.87,AU,2021-01-29 22:37:18
209,Husavik,66.0449,-17.3389,28.4,86,90,7.74,IS,2021-01-29 22:37:18
210,Lagoa,39.05,-27.9833,59.22,77,23,12.41,PT,2021-01-29 22:32:21
211,Te Anau,-45.4167,167.7167,55.38,60,31,1.23,NZ,2021-01-29 22:37:18
212,Vanimo,-2.6741,141.3028,80.01,79,100,8.63,PG,2021-01-29 22:37:18
213,Natal,-5.795,-35.2094,80.6,78,20,12.66,BR,2021-01-29 22:37:18
214,Jaciara,-15.9653,-54.9683,75.58,77,78,3.74,BR,2021-01-29 22:37:18
215,Kantunilkin,21.0917,-87.45,75.2,57,40,11.5,MX,2021-01-29 22:37:19
216,Bengkulu,-3.8004,102.2655,74.95,86,100,4.54,ID,2021-01-29 22:37:19
217,Havre-Saint-Pierre,50.2334,-63.5986,15.8,62,1,8.05,CA,2021-01-29 22:37:19
218,Mlowo,-9.0,32.9833,60.12,94,100,6.51,TZ,2021-01-29 22:37:01
219,Benguela,-12.5763,13.4055,75.0,82,68,3.36,AO,2021-01-29 22:37:19
220,Dakar,14.6937,-17.4441,66.2,77,0,11.5,SN,2021-01-29 22:37:06
221,Mozarlandia,-14.7447,-50.5706,75.85,83,83,2.59,BR,2021-01-29 22:37:19
222,Kargasok,59.0556,80.8572,-31.43,83,0,7.65,RU,2021-01-29 22:37:20
223,Kindu,-2.95,25.95,70.68,91,99,1.1,CD,2021-01-29 22:37:20
224,Funadhoo,6.15,73.2667,80.42,67,0,7.4,MV,2021-01-29 22:37:20
225,Imbituba,-28.24,-48.6703,73.4,94,75,4.61,BR,2021-01-29 22:37:20
226,Matay,28.419,30.7792,42.93,65,0,2.73,EG,2021-01-29 22:37:20
227,Longido,-2.7333,36.6833,65.39,85,100,10.67,TZ,2021-01-29 22:37:20
228,Sivas,39.7916,37.0019,14.0,92,0,9.22,TR,2021-01-29 22:34:32
229,Buin,-33.7333,-70.75,71.01,56,90,5.75,CL,2021-01-29 22:37:21
230,Vila Franca Do Campo,37.7167,-25.4333,59.0,88,20,10.36,PT,2021-01-29 22:37:21
231,Chilliwack,49.1747,-121.9443,43.0,61,86,3.44,CA,2021-01-29 22:37:21
232,Tarakan,3.3,117.6333,77.0,94,40,3.44,ID,2021-01-29 22:37:21
233,Bahraich,27.5833,81.6,43.5,66,0,5.41,IN,2021-01-29 22:32:57
234,Tautira,-17.7333,-149.15,87.8,62,20,11.5,PF,2021-01-29 22:34:34
235,Pevek,69.7008,170.3133,-29.54,85,4,2.84,RU,2021-01-29 22:37:21
236,Zhigansk,66.7697,123.3711,-44.9,77,86,8.52,RU,2021-01-29 22:37:21
237,Dubuque,42.4833,-90.8668,27.0,68,1,9.22,US,2021-01-29 22:37:21
238,Namibe,-15.1961,12.1522,74.01,74,49,7.78,AO,2021-01-29 22:37:22
239,Kaeo,-35.1,173.7833,64.0,86,37,5.99,NZ,2021-01-29 22:34:30
240,Bastrop,32.7562,-91.8724,57.2,44,90,3.44,US,2021-01-29 22:33:06
241,Sioux Lookout,50.1001,-91.917,14.0,67,75,4.61,CA,2021-01-29 22:37:22
242,Kharp,66.8014,65.8081,-37.75,79,55,1.19,RU,2021-01-29 22:37:22
243,Thompson,55.7435,-97.8558,8.6,78,90,4.61,CA,2021-01-29 22:37:22
244,Ostrovnoy,68.0531,39.5131,7.99,93,100,19.08,RU,2021-01-29 22:37:22
245,Areosa,41.7178,-8.8571,55.99,100,90,19.57,PT,2021-01-29 22:37:22
246,Sharon,41.2331,-80.4934,21.99,58,20,10.36,US,2021-01-29 22:37:23
247,Yeniseysk,58.4497,92.1703,-21.91,86,100,4.07,RU,2021-01-29 22:37:23
248,Kavaratti,10.5669,72.642,80.15,73,13,10.18,IN,2021-01-29 22:37:23
249,Ferme-Neuve,46.7001,-75.4493,6.8,61,100,10.36,CA,2021-01-29 22:37:23
250,Finnsnes,69.2296,17.9811,-4.0,84,8,1.14,NO,2021-01-29 22:37:23
251,Poya,-21.35,165.15,81.88,68,21,4.47,NC,2021-01-29 22:37:23
252,Rio Grande City,26.3798,-98.8203,75.0,65,98,3.0,US,2021-01-29 22:37:23
253,Sadri,25.1833,73.4333,53.62,37,0,4.52,IN,2021-01-29 22:37:23
254,Ust-Omchug,61.15,149.6333,-30.03,79,84,5.59,RU,2021-01-29 22:37:24
255,Kawardha,22.0167,81.25,55.85,37,0,2.93,IN,2021-01-29 22:37:24
256,Korla,41.7597,86.1469,21.54,83,0,3.15,CN,2021-01-29 22:37:24
257,Kruisfontein,-34.0033,24.7314,60.01,84,9,2.98,ZA,2021-01-29 22:37:24
258,Ambilobe,-13.2,49.05,73.53,93,97,2.15,MG,2021-01-29 22:37:24
259,Lugazi,0.3772,32.9197,66.15,90,56,0.31,UG,2021-01-29 22:37:24
260,Waipawa,-41.4122,175.5153,61.0,63,90,21.85,NZ,2021-01-29 22:37:24
261,Nador,35.174,-2.9287,57.2,94,20,4.61,MA,2021-01-29 22:37:24
262,Salalah,17.0151,54.0924,73.4,60,75,6.91,OM,2021-01-29 22:37:25
263,Odweyne,9.4092,45.064,63.52,65,0,2.44,SO,2021-01-29 22:33:23
264,Walvis Bay,-22.9575,14.5053,66.99,82,68,8.05,NA,2021-01-29 22:37:25
265,Fort Smith,35.3859,-94.3986,55.4,44,1,9.22,US,2021-01-29 22:37:25
266,Comodoro Rivadavia,-45.8667,-67.5,62.6,42,0,11.5,AR,2021-01-29 22:35:03
267,Mizdah,31.4451,12.9801,55.45,44,0,12.21,LY,2021-01-29 22:37:25
268,Merta,26.65,74.0333,50.25,40,0,5.1,IN,2021-01-29 22:33:16
269,La Romana,18.4273,-68.9728,78.8,78,40,10.36,DO,2021-01-29 22:37:25
270,Bonfim,3.0833,-59.95,83.84,54,87,8.16,BR,2021-01-29 22:37:26
271,Tabora,-5.0167,32.8,64.17,95,100,2.06,TZ,2021-01-29 22:37:26
272,Thunder Bay,48.4001,-89.3168,14.0,52,20,4.61,CA,2021-01-29 22:37:26
273,Dawlatabad,36.4141,64.9053,44.51,52,4,2.62,AF,2021-01-29 22:37:26
274,Bathsheba,13.2167,-59.5167,77.0,78,40,13.8,BB,2021-01-29 22:37:26
275,Kemi,65.8596,24.8228,12.2,85,0,10.36,FI,2021-01-29 22:37:26
276,Mahebourg,-20.4081,57.7,80.6,83,40,8.05,MU,2021-01-29 22:37:26
277,Isla Mujeres,21.2311,-86.731,75.2,57,40,11.5,MX,2021-01-29 22:37:26
278,Beloha,-25.1667,45.05,76.1,87,31,7.27,MG,2021-01-29 22:37:27
279,Esmeraldas,-19.7625,-44.3139,84.2,50,0,10.36,BR,2021-01-29 22:37:27
280,Guerrero Negro,27.9769,-114.0611,66.13,61,1,16.55,MX,2021-01-29 22:32:32
281,Poum,-20.2333,164.0167,80.87,71,4,12.35,NC,2021-01-29 22:37:27
282,Strai,58.2,7.9,10.4,92,2,4.61,NO,2021-01-29 22:37:27
283,Mildura,-34.2,142.15,62.6,77,0,10.36,AU,2021-01-29 22:37:27
284,Bowral,-34.4667,150.4167,72.0,98,98,10.0,AU,2021-01-29 22:37:27
285,Bauska,56.4075,24.1906,30.2,93,90,10.36,LV,2021-01-29 22:37:28
286,Chenghai,23.4632,116.768,46.4,81,0,9.53,CN,2021-01-29 22:37:28
287,Iza,48.2152,23.3287,35.01,97,100,3.0,UA,2021-01-29 22:37:28
288,Vigrestad,58.5667,5.7,24.8,80,75,6.91,NO,2021-01-29 22:37:28
289,Long Beach,33.767,-118.1892,53.01,82,90,5.75,US,2021-01-29 22:37:01
290,Bambous Virieux,-20.3428,57.7575,80.6,83,40,8.05,MU,2021-01-29 22:32:41
291,Qasigiannguit,68.8193,-51.1922,-0.4,55,0,8.05,GL,2021-01-29 22:37:28
292,Pacific Grove,36.6177,-121.9166,55.4,54,40,6.91,US,2021-01-29 22:37:28
293,Sergeyevka,53.88,67.4158,16.84,93,32,7.11,KZ,2021-01-29 22:37:29
294,Aykhal,66.0,111.5,-36.08,80,91,7.72,RU,2021-01-29 22:37:29
295,Sorland,67.667,12.6934,29.61,89,0,11.3,NO,2021-01-29 22:37:29
296,Isla Vista,34.4133,-119.861,55.0,71,75,5.75,US,2021-01-29 22:37:29
297,Broken Hill,-31.95,141.4333,66.2,68,3,19.57,AU,2021-01-29 22:37:29
298,Estevan,49.1334,-102.9842,21.2,86,90,10.36,CA,2021-01-29 22:37:29
299,Cayenne,4.9333,-52.3333,77.0,100,90,11.63,GF,2021-01-29 22:37:29
300,Mutis,6.2262,-77.4044,79.63,79,76,4.23,CO,2021-01-29 22:37:29
301,Kahului,20.8947,-156.47,78.8,57,40,18.41,US,2021-01-29 22:37:29
302,Tiksi,71.6872,128.8694,-32.01,84,100,4.23,RU,2021-01-29 22:33:03
303,Monrovia,6.3005,-10.7969,77.0,94,40,7.85,LR,2021-01-29 22:37:30
304,Wasilla,61.5814,-149.4394,28.4,54,90,12.66,US,2021-01-29 22:32:43
305,Skjervoy,70.0311,20.9714,15.17,91,0,17.27,NO,2021-01-29 22:37:30
306,Chapais,49.7834,-74.8492,1.4,78,90,9.22,CA,2021-01-29 22:37:30
307,Berbera,10.4396,45.0143,73.22,76,7,0.92,SO,2021-01-29 22:37:30
308,Slyudyanka,51.6594,103.7061,15.13,90,100,4.72,RU,2021-01-29 22:37:30
309,Plumlov,49.4661,17.015,39.99,99,100,8.95,CZ,2021-01-29 22:37:31
310,Virginia Beach,36.8529,-75.978,33.8,34,40,14.97,US,2021-01-29 22:34:19
311,Kralupy Nad Vltavou,50.2411,14.3115,42.01,87,40,14.97,CZ,2021-01-29 22:37:31
312,Encrucijada,22.6169,-79.8711,69.8,56,75,12.66,CU,2021-01-29 22:37:31
313,Vila Velha,-20.3297,-40.2925,80.6,74,0,18.41,BR,2021-01-29 22:37:31
314,Saint-Gaudens,43.0833,0.6667,50.0,100,86,4.61,FR,2021-01-29 22:37:31
315,Clyde River,70.4692,-68.5914,-13.0,77,20,16.11,CA,2021-01-29 22:37:31
316,Atar,20.5169,-13.0499,67.69,24,0,8.88,MR,2021-01-29 22:37:32
317,Mercedes,-34.6515,-59.4307,82.0,61,5,1.52,AR,2021-01-29 22:37:32
318,Manta,-0.95,-80.7333,84.2,74,40,5.75,EC,2021-01-29 22:37:32
319,Talnakh,69.4865,88.3972,-32.03,66,1,2.3,RU,2021-01-29 22:37:27
320,Nioro,13.35,-15.75,74.32,17,12,2.15,GM,2021-01-29 22:37:32
321,Aklavik,68.2191,-135.0107,-31.0,75,40,3.44,CA,2021-01-29 22:37:32
322,Avera,33.194,-82.5271,50.0,34,1,3.04,US,2021-01-29 22:37:32
323,Steamboat Springs,40.485,-106.8317,46.4,25,40,12.66,US,2021-01-29 22:37:32
324,Batagay,67.6333,134.6333,-45.13,75,100,0.36,RU,2021-01-29 22:37:33
325,Caconda,-13.7333,15.0667,58.26,85,65,2.77,AO,2021-01-29 22:37:33
326,Yatou,37.15,122.3833,31.66,90,0,7.87,CN,2021-01-29 22:37:33
327,Tuy Hoa,13.0833,109.3,66.76,88,95,7.54,VN,2021-01-29 22:37:33
328,Nara,34.6851,135.8049,34.0,80,40,2.3,JP,2021-01-29 22:37:33
329,Nanortalik,60.1432,-45.2371,32.61,90,100,8.14,GL,2021-01-29 22:37:33
330,Tabou,4.423,-7.3528,77.68,87,81,5.97,CI,2021-01-29 22:37:33
331,Batemans Bay,-35.7167,150.1833,70.0,97,100,5.99,AU,2021-01-29 22:37:34
332,Henties Bay,-22.116,14.2845,66.99,84,32,7.38,NA,2021-01-29 22:37:34
333,Taitung,22.7583,121.1444,59.0,67,75,6.91,TW,2021-01-29 22:35:11
334,Negrasi,44.6,25.1167,34.83,94,100,3.29,RO,2021-01-29 22:37:34
335,Ambon,-3.6954,128.1814,78.8,73,40,4.61,ID,2021-01-29 22:37:34
336,Tahoua,14.8888,5.2692,71.6,23,0,6.91,NE,2021-01-29 22:37:34
337,Prince Rupert,54.3161,-130.3201,37.4,70,90,10.36,CA,2021-01-29 22:37:34
338,Narsaq,60.9167,-46.05,44.6,29,75,25.32,GL,2021-01-29 22:37:34
339,Chingirlau,51.095,54.0814,31.1,98,100,7.63,KZ,2021-01-29 22:37:35
340,La Seyne-Sur-Mer,43.0982,5.8847,57.0,60,24,11.99,FR,2021-01-29 22:37:35
341,Olinda,-8.0089,-34.8553,78.8,69,75,6.91,BR,2021-01-29 22:37:35
342,College Station,30.628,-96.3344,66.2,52,75,11.5,US,2021-01-29 22:37:35
343,Kurumkan,54.3,110.3,-20.36,79,100,2.62,RU,2021-01-29 22:37:35
344,The Valley,18.217,-63.0578,78.8,83,20,6.91,AI,2021-01-29 22:37:35
345,Port Hardy,50.6996,-127.4199,42.8,81,90,20.71,CA,2021-01-29 22:37:36
346,Port Lincoln,-34.7333,135.8667,63.14,66,71,10.51,AU,2021-01-29 22:37:36
347,Sao Paulo De Olivenca,-3.3783,-68.8725,76.39,94,99,1.57,BR,2021-01-29 22:37:36
348,Cidreira,-30.1811,-50.2056,76.87,88,74,8.95,BR,2021-01-29 22:37:36
349,Montanha,-18.1269,-40.3633,74.28,77,9,10.13,BR,2021-01-29 22:37:36
350,Dharmadam,11.7833,75.4333,73.67,79,35,3.6,IN,2021-01-29 22:37:37
351,Axim,4.8699,-2.2405,78.24,86,60,3.33,GH,2021-01-29 22:37:37
352,Kilindoni,-7.9139,39.6668,82.49,76,85,15.97,TZ,2021-01-29 22:37:37
353,Pineville,31.3224,-92.4343,60.8,47,1,10.36,US,2021-01-29 22:37:37
354,Kavieng,-2.5744,150.7967,83.07,81,93,14.36,PG,2021-01-29 22:37:37
355,Anadyr,64.75,177.4833,-27.0,75,0,4.47,RU,2021-01-29 22:37:37
356,Lethem,3.3803,-59.7968,83.25,55,70,8.48,GY,2021-01-29 22:37:38
357,Bullhead City,35.1478,-114.5683,63.0,67,75,14.97,US,2021-01-29 22:37:38
358,Hwange,-18.3693,26.5019,68.34,92,100,1.14,ZW,2021-01-29 22:37:38
359,Raver,21.25,76.0333,57.51,33,100,7.29,IN,2021-01-29 22:37:38
360,Lingao,19.9103,109.6859,63.41,79,30,7.85,CN,2021-01-29 22:37:38
361,Norman Wells,65.282,-126.8329,-27.4,68,20,3.44,CA,2021-01-29 22:37:38
362,Banda Aceh,5.5577,95.3222,77.81,80,73,13.31,ID,2021-01-29 22:37:38
363,Fortuna,40.5982,-124.1573,55.99,76,20,4.61,US,2021-01-29 22:37:38
364,Nouadhibou,20.931,-17.0347,75.2,38,0,14.97,MR,2021-01-29 22:37:39
365,Dudinka,69.4058,86.1778,-36.31,78,5,5.44,RU,2021-01-29 22:37:39
366,Podor,16.6527,-14.9587,78.8,22,0,2.3,MR,2021-01-29 22:37:39
367,Belyy Yar,53.6039,91.3903,24.8,63,0,4.47,RU,2021-01-29 22:37:39
368,Bull Savanna,17.8868,-77.5902,74.44,77,26,3.06,JM,2021-01-29 22:37:39
369,Seymchan,62.8833,152.4333,-22.95,85,100,3.62,RU,2021-01-29 22:33:11
370,Lukaya,-0.1489,31.8748,66.7,79,87,4.21,UG,2021-01-29 22:37:40
371,Mayor Pablo Lagerenza,-19.9309,-60.7718,84.7,58,85,7.74,PY,2021-01-29 22:37:40
372,Sonamukhi,23.3,87.4167,56.32,51,3,8.16,IN,2021-01-29 22:37:40
373,Lompoc,34.6391,-120.4579,52.0,82,75,3.44,US,2021-01-29 22:36:54
374,Victoria,22.2855,114.1577,60.01,72,0,1.01,HK,2021-01-29 22:36:08
375,Semibratovo,57.3046,39.5369,30.2,86,90,8.95,RU,2021-01-29 22:37:40
376,Olafsvik,64.8945,-23.7142,32.4,96,100,3.91,IS,2021-01-29 22:37:40
377,Reporoa,-38.4333,176.35,66.0,48,7,8.01,NZ,2021-01-29 22:37:40
378,Turki,51.987,43.2731,30.92,98,99,18.16,RU,2021-01-29 22:37:41
379,Talcahuano,-36.7167,-73.1167,59.0,100,90,10.36,CL,2021-01-29 22:37:41
380,San Cristobal,7.7669,-72.225,84.2,58,40,11.5,VE,2021-01-29 22:37:41
381,Aliganj,27.5,79.1833,45.68,55,0,7.56,IN,2021-01-29 22:37:41
382,Ayan,56.45,138.1667,-7.6,84,100,0.38,RU,2021-01-29 22:37:41
383,Ahipara,-35.1667,173.1667,68.13,65,5,8.16,NZ,2021-01-29 22:37:41
384,Alexandria,31.2156,29.9553,55.4,82,40,5.75,EG,2021-01-29 22:33:57
385,Salym,60.0625,71.4789,-27.18,84,36,5.06,RU,2021-01-29 22:37:42
386,Quelimane,-17.8786,36.8883,82.4,89,75,5.75,MZ,2021-01-29 22:37:42
387,Lindsay,36.203,-119.0882,57.99,58,40,1.97,US,2021-01-29 22:37:42
388,Mezen,65.8522,44.24,10.94,95,100,10.85,RU,2021-01-29 22:37:43
389,Pangai,-19.8,-174.35,77.0,94,90,12.66,TO,2021-01-29 22:37:43
390,Mago,53.2514,140.1822,-4.63,91,100,3.11,RU,2021-01-29 22:37:43
391,Catuday,16.2923,119.8062,72.41,75,32,12.91,PH,2021-01-29 22:37:43
392,Muros,42.7762,-9.0603,57.99,83,98,11.99,ES,2021-01-29 22:37:43
393,Kjollefjord,70.9457,27.3465,21.2,79,0,6.91,NO,2021-01-29 22:37:43
394,Adzope,6.1069,-3.8619,76.08,87,27,4.16,CI,2021-01-29 22:37:43
395,Pareora,-44.4871,171.2132,61.0,54,27,5.46,NZ,2021-01-29 22:37:43
396,Stornoway,58.2093,-6.3865,37.4,75,0,8.05,GB,2021-01-29 22:37:44
397,Rio Grande,-32.035,-52.0986,79.0,90,61,2.35,BR,2021-01-29 22:37:44
398,San Quintin,30.4833,-115.95,59.67,63,40,14.2,MX,2021-01-29 22:37:44
399,Villa Maria,-32.4075,-63.2402,85.01,42,18,0.72,AR,2021-01-29 22:37:44
400,Hornepayne,49.2138,-84.7705,1.81,94,100,4.05,CA,2021-01-29 22:37:44
401,Kadhan,24.481,68.9859,54.16,38,0,5.53,PK,2021-01-29 22:37:44
402,Ucluelet,48.9329,-125.5528,45.0,87,90,16.11,CA,2021-01-29 22:37:37
403,Ubatuba,-23.4339,-45.0711,82.4,61,40,4.61,BR,2021-01-29 22:33:27
404,Taiyuan,37.8694,112.5603,17.6,57,0,2.24,CN,2021-01-29 22:37:45
405,Gonaives,19.45,-72.6833,74.28,75,47,9.37,HT,2021-01-29 22:37:45
406,Chabua,27.4825,95.1736,59.95,52,78,1.32,IN,2021-01-29 22:37:45
407,Beya,53.0533,90.9139,23.07,94,98,17.83,RU,2021-01-29 22:37:45
408,Jatiroto,-7.8833,111.1167,73.06,90,100,1.14,ID,2021-01-29 22:37:45
409,Adrar,20.5022,-10.0711,67.14,23,0,10.25,MR,2021-01-29 22:37:45
410,Haines Junction,60.7522,-137.5108,-2.2,71,100,1.52,CA,2021-01-29 22:37:45
411,Akhmim,26.5622,31.745,50.0,62,0,4.61,EG,2021-01-29 22:37:45
412,Praya,14.9215,-23.5087,73.4,56,75,19.57,CV,2021-01-29 22:33:46
413,Sfantu Gheorghe,45.8667,25.7833,37.0,92,100,1.39,RO,2021-01-29 22:37:46
414,Cartagena,10.3997,-75.5144,80.6,74,0,11.5,CO,2021-01-29 22:35:13
415,Marsh Harbour,26.5412,-77.0636,65.86,66,88,16.06,BS,2021-01-29 22:35:15
416,Skegness,53.1436,0.3363,43.0,93,75,11.5,GB,2021-01-29 22:33:57
417,Kontagora,10.3999,5.4695,77.9,17,8,8.63,NG,2021-01-29 22:37:46
418,Yengema,8.7167,-11.1667,74.3,68,17,2.35,SL,2021-01-29 22:37:46
419,Bosaso,11.2842,49.1816,71.51,79,2,2.62,SO,2021-01-29 22:37:46
420,Verkhovazhye,60.7472,42.0465,16.66,96,99,6.42,RU,2021-01-29 22:37:47
421,Batagay-Alyta,67.8006,130.4114,-30.06,82,100,1.59,RU,2021-01-29 22:37:47
422,Labuan,5.2767,115.2417,77.0,88,20,2.3,MY,2021-01-29 22:37:47
423,Smithers,54.7804,-127.1743,15.8,67,75,10.36,CA,2021-01-29 22:34:06
424,Samana,19.2056,-69.3369,75.2,94,40,5.28,DO,2021-01-29 22:37:47
425,Kalia,23.0396,89.6328,58.44,48,6,7.99,BD,2021-01-29 22:37:48
426,Monze,-16.2833,27.4833,65.68,95,100,1.66,ZM,2021-01-29 22:37:48
427,Christchurch,-43.5333,172.6333,63.0,63,90,9.22,NZ,2021-01-29 22:37:48
428,Hastings,50.8552,0.5729,45.0,81,96,3.0,GB,2021-01-29 22:37:48
429,Fayetteville,35.0527,-78.8784,43.0,28,1,5.75,US,2021-01-29 22:33:10
430,Myski,53.709,87.8014,21.65,96,100,12.21,RU,2021-01-29 22:37:48
431,Devils Lake,48.1128,-98.8651,19.99,93,90,16.11,US,2021-01-29 22:37:48
432,Krasnoselkup,65.7,82.4667,-31.59,79,46,4.92,RU,2021-01-29 22:37:49
433,Kupino,54.3663,77.2981,10.74,96,100,5.64,RU,2021-01-29 22:37:49
434,Hammerfest,70.6634,23.6821,17.6,73,40,12.66,NO,2021-01-29 22:37:49
435,Ilulissat,69.2167,-51.1,-0.4,55,0,8.05,GL,2021-01-29 22:37:49
436,Ylivieska,64.0833,24.55,25.0,92,100,7.54,FI,2021-01-29 22:37:49
437,Riosucio,5.4216,-75.7032,80.6,57,40,9.22,CO,2021-01-29 22:37:49
438,Bud,39.447,-86.1758,32.0,64,9,5.77,US,2021-01-29 22:37:50
439,Remiremont,48.0175,6.5882,44.6,93,90,6.91,FR,2021-01-29 22:37:50
440,Mianyang,31.4593,104.7542,42.55,76,84,2.19,CN,2021-01-29 22:37:50
441,Fagersta,60.0042,15.7932,8.01,85,87,4.05,SE,2021-01-29 22:37:50
442,Hof,50.3167,11.9167,37.99,94,95,15.01,DE,2021-01-29 22:37:50
443,Matara,5.9485,80.5353,74.82,88,83,2.66,LK,2021-01-29 22:37:50
444,Camacha,33.0833,-16.3333,62.6,77,40,5.75,PT,2021-01-29 22:37:50
445,Qingdao,36.0986,120.3719,37.99,86,0,2.24,CN,2021-01-29 22:37:50
446,Atambua,-9.1061,124.8925,75.6,89,100,8.43,ID,2021-01-29 22:37:51
447,Port Hawkesbury,45.6169,-61.3485,26.01,74,1,2.3,CA,2021-01-29 22:37:51
448,Killybegs,54.6333,-8.45,42.01,93,100,13.0,IE,2021-01-29 22:37:51
449,Cairns,-16.9167,145.7667,82.0,83,40,10.36,AU,2021-01-29 22:37:51
450,Murgab,37.4966,61.9714,42.8,61,90,4.21,TM,2021-01-29 22:37:51
451,Oistins,13.0667,-59.5333,77.0,78,40,13.8,BB,2021-01-29 22:37:51
452,Xiongyue,40.1774,122.1228,15.78,91,0,10.38,CN,2021-01-29 22:37:52
453,Velikooktyabrskiy,57.4333,33.8159,24.96,98,97,5.46,RU,2021-01-29 22:37:52
454,Mandera,3.9366,41.867,77.95,25,6,10.25,KE,2021-01-29 22:37:52
455,Maceio,-9.6658,-35.7353,75.2,94,75,2.3,BR,2021-01-29 22:36:56
456,Okha,53.5739,142.9478,-6.09,89,99,9.37,RU,2021-01-29 22:37:52
457,Nyurba,63.2842,118.3319,-49.05,76,87,2.06,RU,2021-01-29 22:37:52
458,Zaysan,47.4667,84.8667,-0.08,89,84,0.76,KZ,2021-01-29 22:37:52
459,Katsuura,35.1333,140.3,36.0,48,20,17.27,JP,2021-01-29 22:37:53
460,Waingapu,-9.6567,120.2641,79.27,83,88,11.01,ID,2021-01-29 22:37:27
461,Broome,42.2506,-75.833,15.01,72,75,8.05,US,2021-01-29 22:37:53
462,Irbeyskoye,55.6428,95.4522,3.25,93,100,4.16,RU,2021-01-29 22:37:53
463,Sainte-Anne-Des-Monts,49.124,-66.4924,12.2,79,100,4.61,CA,2021-01-29 22:37:53
464,Yuanping,38.7153,112.7575,24.19,80,1,2.77,CN,2021-01-29 22:37:53
465,Naryan-Mar,67.6713,53.087,-10.14,84,100,14.79,RU,2021-01-29 22:37:54
466,Chhatak,25.0333,91.6667,55.78,62,0,6.38,BD,2021-01-29 22:37:54
467,Linxia,35.6003,103.2064,22.53,79,100,1.39,CN,2021-01-29 22:37:54
468,Beira,-19.8436,34.8389,64.4,94,75,3.44,MZ,2021-01-29 22:37:54
469,Ust-Nera,64.5667,143.2,-17.16,79,100,3.58,RU,2021-01-29 22:37:54
470,Meulaboh,4.1363,96.1285,74.8,87,100,5.84,ID,2021-01-29 22:37:54
471,Lorengau,-2.0226,147.2712,84.58,73,98,10.45,PG,2021-01-29 22:37:54
472,Anloga,5.7947,0.8973,82.4,78,20,5.75,GH,2021-01-29 22:37:54
473,Kamenka,51.3223,42.7678,33.01,91,93,18.88,RU,2021-01-29 22:37:54
474,Monywa,22.1167,95.1333,63.52,64,0,3.94,MM,2021-01-29 22:37:55
475,Am Timan,11.0297,20.2827,74.14,20,3,8.7,TD,2021-01-29 22:37:55
476,Ziro,27.6333,93.8333,33.67,92,9,2.57,IN,2021-01-29 22:37:55
477,Boyuibe,-20.4167,-63.2833,89.6,51,41,2.86,BO,2021-01-29 22:37:55
478,Saint George,37.1041,-113.5841,46.4,71,75,4.61,US,2021-01-29 22:33:38
479,Dubai,25.2582,55.3047,68.0,56,0,3.44,AE,2021-01-29 22:35:06
480,Rania,29.5333,74.8333,48.02,44,0,3.49,IN,2021-01-29 22:37:56
481,Puerto Del Rosario,28.5004,-13.8627,64.4,68,0,3.44,ES,2021-01-29 22:37:56
482,Chegdomyn,51.1167,133.0167,-30.62,83,82,0.69,RU,2021-01-29 22:37:56
483,Miles City,46.4083,-105.8406,37.4,52,1,8.05,US,2021-01-29 22:37:56
484,Kecel,46.5253,19.2519,44.6,81,0,6.91,HU,2021-01-29 22:37:56
485,Quatre Cocos,-20.2078,57.7625,80.6,83,40,8.05,MU,2021-01-29 22:37:56
486,Colares,38.7992,-9.4469,59.0,100,100,15.99,PT,2021-01-29 22:37:56
487,Saint-Pierre,-21.3393,55.4781,78.8,65,0,5.75,RE,2021-01-29 22:37:56
488,Sainte-Marie,-20.8968,55.5496,78.8,61,4,13.8,RE,2021-01-29 22:37:57
489,Chulman,56.8479,124.9104,-41.01,79,100,1.63,RU,2021-01-29 22:37:57
490,Xuddur,4.1213,43.8894,66.96,70,1,14.83,SO,2021-01-29 22:37:57
491,Cabra,37.4725,-4.4421,53.6,100,90,3.44,ES,2021-01-29 22:37:57
492,Mana,5.6592,-53.7767,76.6,89,100,11.39,GF,2021-01-29 22:37:57
493,Omsukchan,62.5333,155.8,-28.77,82,99,4.81,RU,2021-01-29 22:37:57
494,Muskegon,43.3,-86.1334,26.6,54,20,3.44,US,2021-01-29 22:34:35
495,Nampula,-15.1165,39.2666,77.0,83,75,9.22,MZ,2021-01-29 22:33:44
496,Chistogorskiy,53.9835,87.3843,20.71,96,100,10.76,RU,2021-01-29 22:37:58
497,Evensk,61.95,159.2333,-3.82,83,99,13.98,RU,2021-01-29 22:37:58
498,Lata,40.1629,-8.3327,57.99,94,100,1.01,PT,2021-01-29 22:37:58
499,Faya,18.3851,42.4509,59.0,38,0,11.5,SA,2021-01-29 22:37:58
500,Limbang,4.75,115.0,78.8,89,75,2.3,MY,2021-01-29 22:33:29
501,Severobaykalsk,55.65,109.3167,-19.73,81,99,4.38,RU,2021-01-29 22:37:58
502,Luderitz,-26.6481,15.1594,70.7,38,0,21.5,NA,2021-01-29 22:37:58
503,Berlevag,70.8578,29.0864,23.0,74,75,8.05,NO,2021-01-29 22:37:59
504,Lisakovsk,52.5369,62.4936,16.18,95,100,9.78,KZ,2021-01-29 22:37:59
505,Calama,-22.4667,-68.9333,71.6,12,0,24.16,CL,2021-01-29 22:34:07
506,Barranca,-10.75,-77.7667,71.69,75,30,7.9,PE,2021-01-29 22:37:59
507,Carballo,43.213,-8.691,55.99,82,40,17.27,ES,2021-01-29 22:37:59
508,Puerto Escondido,15.85,-97.0667,84.2,74,75,11.5,MX,2021-01-29 22:37:59
509,Wanning,18.8003,110.3967,65.01,85,81,6.6,CN,2021-01-29 22:37:59
510,Tura,25.5198,90.2201,53.83,55,0,1.81,IN,2021-01-29 22:37:59
511,Solwezi,-12.1688,26.3894,62.22,91,100,2.44,ZM,2021-01-29 22:38:00
512,Vilyuysk,63.7553,121.6247,-46.07,77,97,2.46,RU,2021-01-29 22:38:00
513,Adre,13.4667,22.2,65.21,26,1,20.0,TD,2021-01-29 22:38:00
514,Khonsa,27.0167,95.5667,50.63,84,7,2.64,IN,2021-01-29 22:38:00
515,Progreso,21.2833,-89.6667,78.8,53,40,11.5,MX,2021-01-29 22:38:00
516,Holme,56.1138,10.1725,30.2,93,75,5.75,DK,2021-01-29 22:38:00
517,Grand Bank,47.0999,-55.765,26.6,80,75,20.71,CA,2021-01-29 22:38:00
518,Ngaoundere,7.3167,13.5833,65.73,26,65,3.83,CM,2021-01-29 22:38:01
519,Bac Lieu,9.285,105.7244,73.81,78,100,11.3,VN,2021-01-29 22:38:01
520,Rieti,42.4072,12.8592,46.0,100,53,20.71,IT,2021-01-29 22:38:01
521,Riyadh,24.6877,46.7219,66.2,27,13,3.91,SA,2021-01-29 22:37:06
522,Bridlington,54.0831,-0.1919,37.0,88,97,5.99,GB,2021-01-29 22:38:01
523,Aasiaat,68.7098,-52.8699,1.78,90,4,4.34,GL,2021-01-29 22:38:01
524,Dunedin,-45.8742,170.5036,59.0,62,67,8.99,NZ,2021-01-29 22:38:01
525,Mombetsu,44.3525,143.3525,25.36,98,100,12.53,JP,2021-01-29 22:38:02
526,Vao,-22.6667,167.4833,75.72,74,87,21.52,NC,2021-01-29 22:38:02
527,Joshimath,30.5667,79.5667,33.49,45,0,8.95,IN,2021-01-29 22:38:02
528,Coquimbo,-29.9533,-71.3436,66.2,68,20,12.66,CL,2021-01-29 22:38:02
529,Concepcion,-36.827,-73.0498,59.0,100,90,10.36,CL,2021-01-29 22:38:02
530,Kyshtovka,56.555,76.6271,-3.62,90,100,8.52,RU,2021-01-29 22:38:02
531,Acapulco,16.8634,-99.8901,84.2,70,75,11.5,MX,2021-01-29 22:37:31
532,Sahuaripa,29.05,-109.2333,75.36,26,94,10.47,MX,2021-01-29 22:38:03
533,Tolaga Bay,-38.3667,178.3,61.41,70,72,17.07,NZ,2021-01-29 22:38:03
534,Ozernovskiy,51.5,156.5167,14.47,87,100,13.22,RU,2021-01-29 22:38:03
535,Datong,40.0936,113.2914,18.88,84,0,4.74,CN,2021-01-29 22:38:03
536,Xining,36.6167,101.7667,13.87,73,100,2.51,CN,2021-01-29 22:38:03
537,Gamba,-2.65,10.0,78.24,88,100,7.27,GA,2021-01-29 22:38:03
538,Bonavista,48.6499,-53.1147,27.0,100,100,8.05,CA,2021-01-29 22:33:47
539,Katobu,-4.9408,122.5276,76.71,91,99,4.41,ID,2021-01-29 22:38:03
540,Olga,43.7444,135.2892,-9.15,81,19,7.2,RU,2021-01-29 22:38:04
541,Jining,35.405,116.5814,35.08,72,6,2.75,CN,2021-01-29 22:35:03
542,Hofn,64.2539,-15.2082,21.2,86,0,4.61,IS,2021-01-29 22:38:04
543,Mitsamiouli,-11.3847,43.2844,82.92,70,100,8.1,KM,2021-01-29 22:38:04
544,Strangnas,59.3774,17.0312,17.6,79,100,12.66,SE,2021-01-29 22:38:04
545,Zyryanka,65.75,150.85,-23.51,86,100,10.0,RU,2021-01-29 22:38:04
546,Luchegorsk,46.4764,134.2569,-25.47,83,16,2.21,RU,2021-01-29 22:38:04
547,La Ronge,55.1001,-105.2842,8.6,85,100,5.75,CA,2021-01-29 22:38:04
548,Zambezi,-13.5432,23.1047,64.85,96,84,2.64,ZM,2021-01-29 22:38:04
549,Verkhnevilyuysk,63.4453,120.3167,-46.26,77,94,1.99,RU,2021-01-29 22:38:05
550,Strezhevoy,60.7333,77.5889,-36.4,74,0,2.24,RU,2021-01-29 22:38:05
551,Hovd,48.0056,91.6419,11.28,80,100,0.49,MN,2021-01-29 22:38:05
552,Port Augusta,-32.5,137.7667,68.0,68,90,12.66,AU,2021-01-29 22:38:05
553,Mattru,7.6244,-11.8332,76.53,87,0,2.64,SL,2021-01-29 22:38:05
554,Ushtobe,45.2514,77.9838,14.56,86,0,7.38,KZ,2021-01-29 22:38:05
555,Kambove,-10.8764,26.5969,61.41,92,100,1.9,CD,2021-01-29 22:38:05
556,Mersing,2.4312,103.8405,78.8,83,77,13.8,MY,2021-01-29 22:36:02
557,Karratha,-20.7377,116.8463,82.78,72,59,4.38,AU,2021-01-29 22:38:05
558,Tikrit,34.6071,43.6782,48.65,78,27,5.7,IQ,2021-01-29 22:38:06
559,Kathu,7.9178,98.3332,84.0,78,20,6.91,TH,2021-01-29 22:38:06
560,Mayo,38.8876,-76.5119,32.0,43,75,11.5,US,2021-01-29 22:38:06
561,Tucumcari,35.1717,-103.725,57.2,24,1,12.66,US,2021-01-29 22:38:06
562,Imeni Poliny Osipenko,52.4201,136.4853,-7.69,91,100,9.44,RU,2021-01-29 22:38:06
563,Ous,60.9058,61.5186,-10.84,90,100,6.64,RU,2021-01-29 22:38:06
564,Price,39.5994,-110.8107,39.2,48,90,2.39,US,2021-01-29 22:38:06
565,Ipixuna,-1.7625,-48.8043,82.4,78,75,9.22,BR,2021-01-29 22:38:07
566,Pandamatenga,-18.5278,25.627,66.83,96,100,5.3,BW,2021-01-29 22:38:07
567,Yerbogachen,61.2767,108.0108,-44.46,78,52,5.46,RU,2021-01-29 22:38:07
568,Trairi,-3.2778,-39.2689,80.06,77,100,10.29,BR,2021-01-29 22:38:07
569,Egvekinot,66.3167,-179.1667,-21.24,84,1,9.42,RU,2021-01-29 22:38:07
570,Sao Felix Do Xingu,-6.6447,-51.995,76.1,83,62,1.79,BR,2021-01-29 22:38:07
571,Arenal,8.4593,-73.9433,87.12,43,87,5.28,CO,2021-01-29 22:38:07
572,Sao Gabriel Da Cachoeira,-0.1303,-67.0892,80.74,69,68,0.4,BR,2021-01-29 22:33:20
573,Rexburg,43.826,-111.7897,37.4,81,90,6.91,US,2021-01-29 22:38:07
574,Gat,31.61,34.7642,55.99,100,23,9.13,IL,2021-01-29 22:35:00
575,Hervey Bay,-25.2986,152.8535,79.0,78,12,7.0,AU,2021-01-29 22:38:08
576,Kishi,9.0833,3.85,76.98,17,28,4.03,NG,2021-01-29 22:38:08
577,Soyo,-6.1349,12.3689,76.98,90,100,8.43,AO,2021-01-29 22:38:08
578,La Primavera,5.4906,-70.4092,86.05,43,60,6.35,CO,2021-01-29 22:38:08
579,Luwuk,-0.9516,122.7875,78.21,64,100,3.31,ID,2021-01-29 22:38:08
580,Vyyezdnoye,55.3815,43.7864,25.16,96,97,13.29,RU,2021-01-29 22:38:08
581,Marzuq,14.4,46.4667,58.06,36,0,3.85,YE,2021-01-29 22:38:09
582,Richards Bay,-28.783,32.0377,72.84,85,87,2.82,ZA,2021-01-29 22:38:09
583,San Joaquin,37.9333,-121.3011,57.0,58,1,2.68,US,2021-01-29 22:38:09
